{"bill_length_mm": 4.656109808947766, "gender_Male": 2.2260929083238463, "species_Chinstrap": 1.7591090177353081, "species_Gentoo": 2.24673197974748}